[{"model": "admin.logentry", "pk": 96, "fields": {"action_time": "2023-10-19T13:51:06.571Z", "user": 18, "content_type": 7, "object_id": "14", "object_repr": "Drunk", "action_flag": 2, "change_message": "[{\"changed\": {\"fields\": [\"Role\"]}}]"}}, {"model": "admin.logentry", "pk": 97, "fields": {"action_time": "2023-10-19T13:51:11.022Z", "user": 18, "content_type": 7, "object_id": "12", "object_repr": "BillyTheKid", "action_flag": 2, "change_message": "[]"}}, {"model": "admin.logentry", "pk": 98, "fields": {"action_time": "2023-10-19T13:51:15.417Z", "user": 18, "content_type": 7, "object_id": "11", "object_repr": "RoadRunner", "action_flag": 2, "change_message": "[]"}}, {"model": "admin.logentry", "pk": 99, "fields": {"action_time": "2023-10-19T13:52:12.824Z", "user": 18, "content_type": 4, "object_id": "19", "object_repr": "PlayerOne", "action_flag": 1, "change_message": "[{\"added\": {}}]"}}, {"model": "admin.logentry", "pk": 100, "fields": {"action_time": "2023-10-19T13:52:32.010Z", "user": 18, "content_type": 7, "object_id": "17", "object_repr": "PlayerOne", "action_flag": 1, "change_message": "[{\"added\": {}}]"}}, {"model": "admin.logentry", "pk": 101, "fields": {"action_time": "2023-10-19T13:53:02.598Z", "user": 18, "content_type": 12, "object_id": "19", "object_repr": "Spain War: Spain: PlayerOne (200)", "action_flag": 1, "change_message": "[{\"added\": {}}]"}}, {"model": "admin.logentry", "pk": 102, "fields": {"action_time": "2023-10-19T13:53:08.132Z", "user": 18, "content_type": 12, "object_id": "15", "object_repr": "Spain War: Spain: Drunk (200)", "action_flag": 2, "change_message": "[{\"changed\": {\"fields\": [\"Life\"]}}]"}}, {"model": "admin.logentry", "pk": 103, "fields": {"action_time": "2023-10-19T13:53:13.338Z", "user": 18, "content_type": 12, "object_id": "13", "object_repr": "Spain War: Spain: BillyTheKid (200)", "action_flag": 2, "change_message": "[{\"changed\": {\"fields\": [\"Life\"]}}]"}}, {"model": "admin.logentry", "pk": 104, "fields": {"action_time": "2023-10-19T13:54:06.971Z", "user": 18, "content_type": 4, "object_id": "13", "object_repr": "BillyTheKid", "action_flag": 2, "change_message": "[{\"changed\": {\"fields\": [\"password\"]}}]"}}, {"model": "admin.logentry", "pk": 105, "fields": {"action_time": "2023-10-19T13:54:17.915Z", "user": 18, "content_type": 4, "object_id": "17", "object_repr": "Bipolar", "action_flag": 2, "change_message": "[{\"changed\": {\"fields\": [\"password\"]}}]"}}, {"model": "admin.logentry", "pk": 106, "fields": {"action_time": "2023-10-19T13:54:27.607Z", "user": 18, "content_type": 4, "object_id": "15", "object_repr": "Drunk", "action_flag": 2, "change_message": "[{\"changed\": {\"fields\": [\"password\"]}}]"}}, {"model": "admin.logentry", "pk": 107, "fields": {"action_time": "2023-10-19T13:54:36.648Z", "user": 18, "content_type": 4, "object_id": "16", "object_repr": "Johnny", "action_flag": 2, "change_message": "[{\"changed\": {\"fields\": [\"password\"]}}]"}}, {"model": "admin.logentry", "pk": 108, "fields": {"action_time": "2023-10-19T13:54:46.803Z", "user": 18, "content_type": 4, "object_id": "12", "object_repr": "RoadRunner", "action_flag": 2, "change_message": "[{\"changed\": {\"fields\": [\"password\"]}}]"}}, {"model": "auth.permission", "pk": 1, "fields": {"name": "Can add log entry", "content_type": 1, "codename": "add_logentry"}}, {"model": "auth.permission", "pk": 2, "fields": {"name": "Can change log entry", "content_type": 1, "codename": "change_logentry"}}, {"model": "auth.permission", "pk": 3, "fields": {"name": "Can delete log entry", "content_type": 1, "codename": "delete_logentry"}}, {"model": "auth.permission", "pk": 4, "fields": {"name": "Can view log entry", "content_type": 1, "codename": "view_logentry"}}, {"model": "auth.permission", "pk": 5, "fields": {"name": "Can add permission", "content_type": 2, "codename": "add_permission"}}, {"model": "auth.permission", "pk": 6, "fields": {"name": "Can change permission", "content_type": 2, "codename": "change_permission"}}, {"model": "auth.permission", "pk": 7, "fields": {"name": "Can delete permission", "content_type": 2, "codename": "delete_permission"}}, {"model": "auth.permission", "pk": 8, "fields": {"name": "Can view permission", "content_type": 2, "codename": "view_permission"}}, {"model": "auth.permission", "pk": 9, "fields": {"name": "Can add group", "content_type": 3, "codename": "add_group"}}, {"model": "auth.permission", "pk": 10, "fields": {"name": "Can change group", "content_type": 3, "codename": "change_group"}}, {"model": "auth.permission", "pk": 11, "fields": {"name": "Can delete group", "content_type": 3, "codename": "delete_group"}}, {"model": "auth.permission", "pk": 12, "fields": {"name": "Can view group", "content_type": 3, "codename": "view_group"}}, {"model": "auth.permission", "pk": 13, "fields": {"name": "Can add user", "content_type": 4, "codename": "add_user"}}, {"model": "auth.permission", "pk": 14, "fields": {"name": "Can change user", "content_type": 4, "codename": "change_user"}}, {"model": "auth.permission", "pk": 15, "fields": {"name": "Can delete user", "content_type": 4, "codename": "delete_user"}}, {"model": "auth.permission", "pk": 16, "fields": {"name": "Can view user", "content_type": 4, "codename": "view_user"}}, {"model": "auth.permission", "pk": 17, "fields": {"name": "Can add content type", "content_type": 5, "codename": "add_contenttype"}}, {"model": "auth.permission", "pk": 18, "fields": {"name": "Can change content type", "content_type": 5, "codename": "change_contenttype"}}, {"model": "auth.permission", "pk": 19, "fields": {"name": "Can delete content type", "content_type": 5, "codename": "delete_contenttype"}}, {"model": "auth.permission", "pk": 20, "fields": {"name": "Can view content type", "content_type": 5, "codename": "view_contenttype"}}, {"model": "auth.permission", "pk": 21, "fields": {"name": "Can add session", "content_type": 6, "codename": "add_session"}}, {"model": "auth.permission", "pk": 22, "fields": {"name": "Can change session", "content_type": 6, "codename": "change_session"}}, {"model": "auth.permission", "pk": 23, "fields": {"name": "Can delete session", "content_type": 6, "codename": "delete_session"}}, {"model": "auth.permission", "pk": 24, "fields": {"name": "Can view session", "content_type": 6, "codename": "view_session"}}, {"model": "auth.permission", "pk": 25, "fields": {"name": "Can add ia", "content_type": 7, "codename": "add_ia"}}, {"model": "auth.permission", "pk": 26, "fields": {"name": "Can change ia", "content_type": 7, "codename": "change_ia"}}, {"model": "auth.permission", "pk": 27, "fields": {"name": "Can delete ia", "content_type": 7, "codename": "delete_ia"}}, {"model": "auth.permission", "pk": 28, "fields": {"name": "Can view ia", "content_type": 7, "codename": "view_ia"}}, {"model": "auth.permission", "pk": 29, "fields": {"name": "Can add map", "content_type": 8, "codename": "add_map"}}, {"model": "auth.permission", "pk": 30, "fields": {"name": "Can change map", "content_type": 8, "codename": "change_map"}}, {"model": "auth.permission", "pk": 31, "fields": {"name": "Can delete map", "content_type": 8, "codename": "delete_map"}}, {"model": "auth.permission", "pk": 32, "fields": {"name": "Can view map", "content_type": 8, "codename": "view_map"}}, {"model": "auth.permission", "pk": 33, "fields": {"name": "Can add match", "content_type": 9, "codename": "add_match"}}, {"model": "auth.permission", "pk": 34, "fields": {"name": "Can change match", "content_type": 9, "codename": "change_match"}}, {"model": "auth.permission", "pk": 35, "fields": {"name": "Can delete match", "content_type": 9, "codename": "delete_match"}}, {"model": "auth.permission", "pk": 36, "fields": {"name": "Can view match", "content_type": 9, "codename": "view_match"}}, {"model": "auth.permission", "pk": 37, "fields": {"name": "Can add zone", "content_type": 10, "codename": "add_zone"}}, {"model": "auth.permission", "pk": 38, "fields": {"name": "Can change zone", "content_type": 10, "codename": "change_zone"}}, {"model": "auth.permission", "pk": 39, "fields": {"name": "Can delete zone", "content_type": 10, "codename": "delete_zone"}}, {"model": "auth.permission", "pk": 40, "fields": {"name": "Can view zone", "content_type": 10, "codename": "view_zone"}}, {"model": "auth.permission", "pk": 41, "fields": {"name": "Can add move", "content_type": 11, "codename": "add_move"}}, {"model": "auth.permission", "pk": 42, "fields": {"name": "Can change move", "content_type": 11, "codename": "change_move"}}, {"model": "auth.permission", "pk": 43, "fields": {"name": "Can delete move", "content_type": 11, "codename": "delete_move"}}, {"model": "auth.permission", "pk": 44, "fields": {"name": "Can view move", "content_type": 11, "codename": "view_move"}}, {"model": "auth.permission", "pk": 45, "fields": {"name": "Can add match ia", "content_type": 12, "codename": "add_matchia"}}, {"model": "auth.permission", "pk": 46, "fields": {"name": "Can change match ia", "content_type": 12, "codename": "change_matchia"}}, {"model": "auth.permission", "pk": 47, "fields": {"name": "Can delete match ia", "content_type": 12, "codename": "delete_matchia"}}, {"model": "auth.permission", "pk": 48, "fields": {"name": "Can view match ia", "content_type": 12, "codename": "view_matchia"}}, {"model": "auth.permission", "pk": 49, "fields": {"name": "Can add find", "content_type": 13, "codename": "add_find"}}, {"model": "auth.permission", "pk": 50, "fields": {"name": "Can change find", "content_type": 13, "codename": "change_find"}}, {"model": "auth.permission", "pk": 51, "fields": {"name": "Can delete find", "content_type": 13, "codename": "delete_find"}}, {"model": "auth.permission", "pk": 52, "fields": {"name": "Can view find", "content_type": 13, "codename": "view_find"}}, {"model": "auth.permission", "pk": 53, "fields": {"name": "Can add defend", "content_type": 14, "codename": "add_defend"}}, {"model": "auth.permission", "pk": 54, "fields": {"name": "Can change defend", "content_type": 14, "codename": "change_defend"}}, {"model": "auth.permission", "pk": 55, "fields": {"name": "Can delete defend", "content_type": 14, "codename": "delete_defend"}}, {"model": "auth.permission", "pk": 56, "fields": {"name": "Can view defend", "content_type": 14, "codename": "view_defend"}}, {"model": "auth.permission", "pk": 57, "fields": {"name": "Can add attack", "content_type": 15, "codename": "add_attack"}}, {"model": "auth.permission", "pk": 58, "fields": {"name": "Can change attack", "content_type": 15, "codename": "change_attack"}}, {"model": "auth.permission", "pk": 59, "fields": {"name": "Can delete attack", "content_type": 15, "codename": "delete_attack"}}, {"model": "auth.permission", "pk": 60, "fields": {"name": "Can view attack", "content_type": 15, "codename": "view_attack"}}, {"model": "auth.user", "pk": 12, "fields": {"password": "pbkdf2_sha256$320000$owfyV5Pl7eRBUfgsRQ4vxo$rvOReie+LQy0X+/Sx62d7pJi3dVS+rLH1F94pATanPw=", "last_login": null, "is_superuser": false, "username": "RoadRunner", "first_name": "", "last_name": "", "email": "", "is_staff": false, "is_active": true, "date_joined": "2023-10-19T09:06:12.509Z", "groups": [], "user_permissions": []}}, {"model": "auth.user", "pk": 13, "fields": {"password": "pbkdf2_sha256$320000$QEE5QU0pEcMs1N4oNsjaSl$MIURvoefsVhZOG4TnzWvAY2SxUXdzU9GNgoWCqQtSfA=", "last_login": null, "is_superuser": false, "username": "BillyTheKid", "first_name": "", "last_name": "", "email": "", "is_staff": false, "is_active": true, "date_joined": "2023-10-19T09:24:55.157Z", "groups": [], "user_permissions": []}}, {"model": "auth.user", "pk": 15, "fields": {"password": "pbkdf2_sha256$320000$XejNHV4Az5392pvYK9OIDe$7Cj1P+VIKL0kbX3qa/hoCrz/Jk8ijHXpO4KXBJQ4uBY=", "last_login": null, "is_superuser": false, "username": "Drunk", "first_name": "", "last_name": "", "email": "", "is_staff": false, "is_active": true, "date_joined": "2023-10-19T10:50:06.219Z", "groups": [], "user_permissions": []}}, {"model": "auth.user", "pk": 16, "fields": {"password": "pbkdf2_sha256$320000$tgRC0ojuEJQlu27ZUwaIh6$1YZwu09mr8i/MpsA1EeYxSaDWckFYBD90gKpI+SvPfQ=", "last_login": null, "is_superuser": false, "username": "Johnny", "first_name": "", "last_name": "", "email": "", "is_staff": false, "is_active": true, "date_joined": "2023-10-19T11:43:50.723Z", "groups": [], "user_permissions": []}}, {"model": "auth.user", "pk": 17, "fields": {"password": "pbkdf2_sha256$320000$nC6CSMokWMekr3Q3dkwNA6$2skwwI39rEfOiSfWZeMxgLg0RAKl/DX9AnIKLGze1Hs=", "last_login": null, "is_superuser": false, "username": "Bipolar", "first_name": "", "last_name": "", "email": "", "is_staff": false, "is_active": true, "date_joined": "2023-10-19T13:16:03.278Z", "groups": [], "user_permissions": []}}, {"model": "auth.user", "pk": 18, "fields": {"password": "pbkdf2_sha256$320000$DOD0OFVeDL7iaxB0mxoiXB$J8A4zDnMPfUtlFIs2VEEG0fe5vli1qCWFjE2Vuntt+0=", "last_login": "2023-10-19T13:50:22.512Z", "is_superuser": true, "username": "admin", "first_name": "", "last_name": "", "email": "admin@admin.com", "is_staff": true, "is_active": true, "date_joined": "2023-10-19T13:50:05.456Z", "groups": [], "user_permissions": []}}, {"model": "auth.user", "pk": 19, "fields": {"password": "pbkdf2_sha256$320000$P1szreN5fEn8ITIND6Zuiw$qkLoHUi4+ApxCrNj98WpCSKEGRoa4h+v81eDsqhZg4I=", "last_login": null, "is_superuser": false, "username": "PlayerOne", "first_name": "", "last_name": "", "email": "", "is_staff": false, "is_active": true, "date_joined": "2023-10-19T13:52:12.621Z", "groups": [], "user_permissions": []}}, {"model": "contenttypes.contenttype", "pk": 1, "fields": {"app_label": "admin", "model": "logentry"}}, {"model": "contenttypes.contenttype", "pk": 2, "fields": {"app_label": "auth", "model": "permission"}}, {"model": "contenttypes.contenttype", "pk": 3, "fields": {"app_label": "auth", "model": "group"}}, {"model": "contenttypes.contenttype", "pk": 4, "fields": {"app_label": "auth", "model": "user"}}, {"model": "contenttypes.contenttype", "pk": 5, "fields": {"app_label": "contenttypes", "model": "contenttype"}}, {"model": "contenttypes.contenttype", "pk": 6, "fields": {"app_label": "sessions", "model": "session"}}, {"model": "contenttypes.contenttype", "pk": 7, "fields": {"app_label": "api", "model": "ia"}}, {"model": "contenttypes.contenttype", "pk": 8, "fields": {"app_label": "api", "model": "map"}}, {"model": "contenttypes.contenttype", "pk": 9, "fields": {"app_label": "api", "model": "match"}}, {"model": "contenttypes.contenttype", "pk": 10, "fields": {"app_label": "api", "model": "zone"}}, {"model": "contenttypes.contenttype", "pk": 11, "fields": {"app_label": "api", "model": "move"}}, {"model": "contenttypes.contenttype", "pk": 12, "fields": {"app_label": "api", "model": "matchia"}}, {"model": "contenttypes.contenttype", "pk": 13, "fields": {"app_label": "api", "model": "find"}}, {"model": "contenttypes.contenttype", "pk": 14, "fields": {"app_label": "api", "model": "defend"}}, {"model": "contenttypes.contenttype", "pk": 15, "fields": {"app_label": "api", "model": "attack"}}, {"model": "sessions.session", "pk": "nage42yyhdc4ayga9y00urkuigmss6bq", "fields": {"session_data": ".eJxVjEEOgjAQRe_StWlap1Dq0j1nIDOdGYsaSCisjHdXEha6_e-9_zIDbmsZtirLMLK5GG9Ovxthfsi0A77jdJttnqd1Gcnuij1otf3M8rwe7t9BwVq-tcQOQBTJY3aOIxBkIZCYOCpQcqQdJgjQdKoZiFLLbYMcxDv152DeHwzlOL8:1ojOaT:jt3JR1PPfS9o8Bqn2vsbEfnI0GSXWSjqx4q5UGnfaus", "expire_date": "2022-10-28T17:35:09.994Z"}}, {"model": "sessions.session", "pk": "xffyqf4mdpi7xbve9jl5v31lhiz9uvxc", "fields": {"session_data": ".eJxVjMEOwiAQRP-FsyHQ0gU8eu83kF1YpGpoUtqT8d9tkx70Npn3Zt4i4LaWsDVewpTEVWgnLr8lYXxyPUh6YL3PMs51XSaShyJP2uQ4J37dTvfvoGAr-3roMAH0GSE7NtlEA4TkSYPigUAp6-MeQac-W8dsQXXWsvKoGYiy-HwBF6Q4cQ:1qtTU6:f_ff3A32IdP05-SpdeHMdsOyXSVtgtnikFsHGzGbkJg", "expire_date": "2023-11-02T13:54:46.811Z"}}, {"model": "api.match", "pk": 2, "fields": {"name": "Spain War", "map": 1, "damage": 12}}, {"model": "api.matchia", "pk": 12, "fields": {"ia": 11, "match": 2, "where_am_i": 14, "life": 200, "alive": true, "lucky_unlucky": 0, "go_ryu": 0}}, {"model": "api.matchia", "pk": 13, "fields": {"ia": 12, "match": 2, "where_am_i": 8, "life": 200, "alive": true, "lucky_unlucky": 0, "go_ryu": 0}}, {"model": "api.matchia", "pk": 15, "fields": {"ia": 14, "match": 2, "where_am_i": 13, "life": 200, "alive": true, "lucky_unlucky": 0, "go_ryu": 0}}, {"model": "api.matchia", "pk": 16, "fields": {"ia": 15, "match": 2, "where_am_i": 9, "life": 200, "alive": true, "lucky_unlucky": 0, "go_ryu": 0}}, {"model": "api.matchia", "pk": 18, "fields": {"ia": 16, "match": 2, "where_am_i": 8, "life": 200, "alive": true, "lucky_unlucky": 2, "go_ryu": 0}}, {"model": "api.matchia", "pk": 19, "fields": {"ia": 17, "match": 2, "where_am_i": 4, "life": 200, "alive": true, "lucky_unlucky": 0, "go_ryu": 0}}, {"model": "api.attack", "pk": 1, "fields": {"timestamp": "2023-10-19T10:00:59.095Z", "match": 2, "damage": 12, "attack_from": 12, "attack_to": 11}}, {"model": "api.attack", "pk": 2, "fields": {"timestamp": "2023-10-19T10:01:01.619Z", "match": 2, "damage": 12, "attack_from": 12, "attack_to": 11}}, {"model": "api.attack", "pk": 3, "fields": {"timestamp": "2023-10-19T10:01:04.088Z", "match": 2, "damage": 12, "attack_from": 12, "attack_to": 11}}, {"model": "api.attack", "pk": 4, "fields": {"timestamp": "2023-10-19T10:01:06.598Z", "match": 2, "damage": 12, "attack_from": 12, "attack_to": 11}}, {"model": "api.attack", "pk": 5, "fields": {"timestamp": "2023-10-19T10:01:09.065Z", "match": 2, "damage": 12, "attack_from": 12, "attack_to": 11}}, {"model": "api.attack", "pk": 6, "fields": {"timestamp": "2023-10-19T10:01:11.538Z", "match": 2, "damage": 12, "attack_from": 12, "attack_to": 11}}, {"model": "api.attack", "pk": 7, "fields": {"timestamp": "2023-10-19T10:01:14.002Z", "match": 2, "damage": 12, "attack_from": 12, "attack_to": 11}}, {"model": "api.attack", "pk": 8, "fields": {"timestamp": "2023-10-19T10:01:16.481Z", "match": 2, "damage": 12, "attack_from": 12, "attack_to": 11}}, {"model": "api.attack", "pk": 9, "fields": {"timestamp": "2023-10-19T10:01:18.949Z", "match": 2, "damage": 12, "attack_from": 12, "attack_to": 11}}, {"model": "api.attack", "pk": 10, "fields": {"timestamp": "2023-10-19T10:01:21.420Z", "match": 2, "damage": 12, "attack_from": 12, "attack_to": 11}}, {"model": "api.attack", "pk": 11, "fields": {"timestamp": "2023-10-19T10:01:23.882Z", "match": 2, "damage": 12, "attack_from": 12, "attack_to": 11}}, {"model": "api.attack", "pk": 12, "fields": {"timestamp": "2023-10-19T10:01:26.353Z", "match": 2, "damage": 12, "attack_from": 12, "attack_to": 11}}, {"model": "api.attack", "pk": 13, "fields": {"timestamp": "2023-10-19T10:01:28.834Z", "match": 2, "damage": 12, "attack_from": 12, "attack_to": 11}}, {"model": "api.attack", "pk": 14, "fields": {"timestamp": "2023-10-19T10:01:31.300Z", "match": 2, "damage": 12, "attack_from": 12, "attack_to": 11}}, {"model": "api.attack", "pk": 15, "fields": {"timestamp": "2023-10-19T10:01:33.756Z", "match": 2, "damage": 12, "attack_from": 12, "attack_to": 11}}, {"model": "api.attack", "pk": 16, "fields": {"timestamp": "2023-10-19T10:01:36.216Z", "match": 2, "damage": 12, "attack_from": 12, "attack_to": 11}}, {"model": "api.attack", "pk": 17, "fields": {"timestamp": "2023-10-19T10:01:38.687Z", "match": 2, "damage": 12, "attack_from": 12, "attack_to": 11}}, {"model": "api.attack", "pk": 31, "fields": {"timestamp": "2023-10-19T10:11:15.843Z", "match": 2, "damage": 12, "attack_from": 12, "attack_to": 11}}, {"model": "api.attack", "pk": 32, "fields": {"timestamp": "2023-10-19T10:11:18.345Z", "match": 2, "damage": 12, "attack_from": 12, "attack_to": 11}}, {"model": "api.attack", "pk": 33, "fields": {"timestamp": "2023-10-19T10:11:20.825Z", "match": 2, "damage": 12, "attack_from": 12, "attack_to": 11}}, {"model": "api.attack", "pk": 34, "fields": {"timestamp": "2023-10-19T10:11:23.348Z", "match": 2, "damage": 12, "attack_from": 12, "attack_to": 11}}, {"model": "api.attack", "pk": 35, "fields": {"timestamp": "2023-10-19T10:11:25.841Z", "match": 2, "damage": 12, "attack_from": 12, "attack_to": 11}}, {"model": "api.attack", "pk": 36, "fields": {"timestamp": "2023-10-19T10:11:28.305Z", "match": 2, "damage": 12, "attack_from": 12, "attack_to": 11}}, {"model": "api.attack", "pk": 37, "fields": {"timestamp": "2023-10-19T10:11:30.782Z", "match": 2, "damage": 12, "attack_from": 12, "attack_to": 11}}, {"model": "api.attack", "pk": 38, "fields": {"timestamp": "2023-10-19T10:11:33.239Z", "match": 2, "damage": 12, "attack_from": 12, "attack_to": 11}}, {"model": "api.attack", "pk": 39, "fields": {"timestamp": "2023-10-19T10:11:35.723Z", "match": 2, "damage": 12, "attack_from": 12, "attack_to": 11}}, {"model": "api.attack", "pk": 40, "fields": {"timestamp": "2023-10-19T10:11:38.200Z", "match": 2, "damage": 12, "attack_from": 12, "attack_to": 11}}, {"model": "api.attack", "pk": 41, "fields": {"timestamp": "2023-10-19T10:15:04.934Z", "match": 2, "damage": 12, "attack_from": 12, "attack_to": 11}}, {"model": "api.attack", "pk": 42, "fields": {"timestamp": "2023-10-19T10:15:07.408Z", "match": 2, "damage": 12, "attack_from": 12, "attack_to": 11}}, {"model": "api.attack", "pk": 43, "fields": {"timestamp": "2023-10-19T10:15:09.861Z", "match": 2, "damage": 12, "attack_from": 12, "attack_to": 11}}, {"model": "api.attack", "pk": 44, "fields": {"timestamp": "2023-10-19T10:15:12.342Z", "match": 2, "damage": 12, "attack_from": 12, "attack_to": 11}}, {"model": "api.attack", "pk": 45, "fields": {"timestamp": "2023-10-19T10:15:14.830Z", "match": 2, "damage": 12, "attack_from": 12, "attack_to": 11}}, {"model": "api.attack", "pk": 46, "fields": {"timestamp": "2023-10-19T10:15:17.305Z", "match": 2, "damage": 12, "attack_from": 12, "attack_to": 11}}, {"model": "api.attack", "pk": 47, "fields": {"timestamp": "2023-10-19T10:15:19.802Z", "match": 2, "damage": 12, "attack_from": 12, "attack_to": 11}}, {"model": "api.attack", "pk": 48, "fields": {"timestamp": "2023-10-19T10:15:22.284Z", "match": 2, "damage": 12, "attack_from": 12, "attack_to": 11}}, {"model": "api.attack", "pk": 49, "fields": {"timestamp": "2023-10-19T10:15:24.799Z", "match": 2, "damage": 12, "attack_from": 12, "attack_to": 11}}, {"model": "api.attack", "pk": 90, "fields": {"timestamp": "2023-10-19T11:40:23.549Z", "match": 2, "damage": 12, "attack_from": 14, "attack_to": 12}}, {"model": "api.attack", "pk": 94, "fields": {"timestamp": "2023-10-19T11:51:07.572Z", "match": 2, "damage": 12, "attack_from": 15, "attack_to": 14}}, {"model": "api.attack", "pk": 96, "fields": {"timestamp": "2023-10-19T11:51:26.445Z", "match": 2, "damage": 12, "attack_from": 15, "attack_to": 14}}, {"model": "api.attack", "pk": 99, "fields": {"timestamp": "2023-10-19T11:52:12.278Z", "match": 2, "damage": 12, "attack_from": 15, "attack_to": 14}}, {"model": "api.attack", "pk": 103, "fields": {"timestamp": "2023-10-19T11:53:21.421Z", "match": 2, "damage": 12, "attack_from": 15, "attack_to": 14}}, {"model": "api.attack", "pk": 111, "fields": {"timestamp": "2023-10-19T11:55:08.151Z", "match": 2, "damage": 12, "attack_from": 15, "attack_to": 14}}, {"model": "api.attack", "pk": 114, "fields": {"timestamp": "2023-10-19T11:55:32.985Z", "match": 2, "damage": 12, "attack_from": 15, "attack_to": 14}}, {"model": "api.defend", "pk": 69, "fields": {"shield": 4, "active": true, "timestamp": "11:40:29.484", "match_ia": 15}}, {"model": "api.move", "pk": 10, "fields": {"timestamp": "2023-10-19T09:07:10.977Z", "match": 2, "to_zone": 12, "ia": 11, "active": true}}, {"model": "api.move", "pk": 11, "fields": {"timestamp": "2023-10-19T09:07:52.795Z", "match": 2, "to_zone": 12, "ia": 11, "active": true}}, {"model": "api.move", "pk": 12, "fields": {"timestamp": "2023-10-19T09:07:56.288Z", "match": 2, "to_zone": 15, "ia": 11, "active": true}}, {"model": "api.move", "pk": 13, "fields": {"timestamp": "2023-10-19T09:07:59.764Z", "match": 2, "to_zone": 11, "ia": 11, "active": true}}, {"model": "api.move", "pk": 14, "fields": {"timestamp": "2023-10-19T09:08:03.248Z", "match": 2, "to_zone": 12, "ia": 11, "active": true}}, {"model": "api.move", "pk": 15, "fields": {"timestamp": "2023-10-19T09:08:06.757Z", "match": 2, "to_zone": 15, "ia": 11, "active": true}}, {"model": "api.move", "pk": 16, "fields": {"timestamp": "2023-10-19T09:08:10.237Z", "match": 2, "to_zone": 12, "ia": 11, "active": true}}, {"model": "api.move", "pk": 17, "fields": {"timestamp": "2023-10-19T09:08:13.718Z", "match": 2, "to_zone": 15, "ia": 11, "active": true}}, {"model": "api.move", "pk": 18, "fields": {"timestamp": "2023-10-19T09:08:17.211Z", "match": 2, "to_zone": 12, "ia": 11, "active": true}}, {"model": "api.move", "pk": 19, "fields": {"timestamp": "2023-10-19T09:08:20.700Z", "match": 2, "to_zone": 11, "ia": 11, "active": true}}, {"model": "api.move", "pk": 20, "fields": {"timestamp": "2023-10-19T09:08:24.170Z", "match": 2, "to_zone": 15, "ia": 11, "active": true}}, {"model": "api.move", "pk": 21, "fields": {"timestamp": "2023-10-19T09:08:27.650Z", "match": 2, "to_zone": 11, "ia": 11, "active": true}}, {"model": "api.move", "pk": 22, "fields": {"timestamp": "2023-10-19T09:08:31.122Z", "match": 2, "to_zone": 12, "ia": 11, "active": true}}, {"model": "api.move", "pk": 23, "fields": {"timestamp": "2023-10-19T09:08:34.602Z", "match": 2, "to_zone": 14, "ia": 11, "active": true}}, {"model": "api.move", "pk": 24, "fields": {"timestamp": "2023-10-19T09:08:38.069Z", "match": 2, "to_zone": 15, "ia": 11, "active": true}}, {"model": "api.move", "pk": 25, "fields": {"timestamp": "2023-10-19T09:08:41.550Z", "match": 2, "to_zone": 11, "ia": 11, "active": true}}, {"model": "api.move", "pk": 26, "fields": {"timestamp": "2023-10-19T09:08:45.032Z", "match": 2, "to_zone": 12, "ia": 11, "active": true}}, {"model": "api.move", "pk": 27, "fields": {"timestamp": "2023-10-19T09:08:48.508Z", "match": 2, "to_zone": 14, "ia": 11, "active": true}}, {"model": "api.move", "pk": 28, "fields": {"timestamp": "2023-10-19T09:08:51.981Z", "match": 2, "to_zone": 15, "ia": 11, "active": true}}, {"model": "api.move", "pk": 29, "fields": {"timestamp": "2023-10-19T09:08:55.469Z", "match": 2, "to_zone": 11, "ia": 11, "active": true}}, {"model": "api.move", "pk": 30, "fields": {"timestamp": "2023-10-19T09:08:58.941Z", "match": 2, "to_zone": 15, "ia": 11, "active": true}}, {"model": "api.move", "pk": 31, "fields": {"timestamp": "2023-10-19T09:09:02.416Z", "match": 2, "to_zone": 12, "ia": 11, "active": true}}, {"model": "api.move", "pk": 32, "fields": {"timestamp": "2023-10-19T09:09:05.899Z", "match": 2, "to_zone": 11, "ia": 11, "active": true}}, {"model": "api.move", "pk": 33, "fields": {"timestamp": "2023-10-19T09:09:09.390Z", "match": 2, "to_zone": 15, "ia": 11, "active": true}}, {"model": "api.move", "pk": 34, "fields": {"timestamp": "2023-10-19T09:09:12.869Z", "match": 2, "to_zone": 14, "ia": 11, "active": true}}, {"model": "api.move", "pk": 35, "fields": {"timestamp": "2023-10-19T09:09:16.342Z", "match": 2, "to_zone": 15, "ia": 11, "active": true}}, {"model": "api.move", "pk": 36, "fields": {"timestamp": "2023-10-19T09:09:19.857Z", "match": 2, "to_zone": 11, "ia": 11, "active": true}}, {"model": "api.move", "pk": 37, "fields": {"timestamp": "2023-10-19T09:09:23.381Z", "match": 2, "to_zone": 15, "ia": 11, "active": true}}, {"model": "api.move", "pk": 38, "fields": {"timestamp": "2023-10-19T09:09:26.872Z", "match": 2, "to_zone": 12, "ia": 11, "active": true}}, {"model": "api.move", "pk": 39, "fields": {"timestamp": "2023-10-19T09:09:30.400Z", "match": 2, "to_zone": 11, "ia": 11, "active": true}}, {"model": "api.move", "pk": 40, "fields": {"timestamp": "2023-10-19T09:09:33.881Z", "match": 2, "to_zone": 15, "ia": 11, "active": true}}, {"model": "api.move", "pk": 41, "fields": {"timestamp": "2023-10-19T09:09:37.365Z", "match": 2, "to_zone": 11, "ia": 11, "active": true}}, {"model": "api.move", "pk": 42, "fields": {"timestamp": "2023-10-19T09:09:40.868Z", "match": 2, "to_zone": 12, "ia": 11, "active": true}}, {"model": "api.move", "pk": 43, "fields": {"timestamp": "2023-10-19T09:09:44.370Z", "match": 2, "to_zone": 14, "ia": 11, "active": true}}, {"model": "api.move", "pk": 44, "fields": {"timestamp": "2023-10-19T09:09:47.856Z", "match": 2, "to_zone": 13, "ia": 11, "active": true}}, {"model": "api.move", "pk": 45, "fields": {"timestamp": "2023-10-19T09:09:51.524Z", "match": 2, "to_zone": 8, "ia": 11, "active": true}}, {"model": "api.move", "pk": 46, "fields": {"timestamp": "2023-10-19T09:12:06.728Z", "match": 2, "to_zone": 6, "ia": 11, "active": true}}, {"model": "api.move", "pk": 47, "fields": {"timestamp": "2023-10-19T09:12:10.270Z", "match": 2, "to_zone": 7, "ia": 11, "active": true}}, {"model": "api.move", "pk": 48, "fields": {"timestamp": "2023-10-19T09:12:13.753Z", "match": 2, "to_zone": 5, "ia": 11, "active": true}}, {"model": "api.move", "pk": 49, "fields": {"timestamp": "2023-10-19T09:12:17.258Z", "match": 2, "to_zone": 4, "ia": 11, "active": true}}, {"model": "api.move", "pk": 50, "fields": {"timestamp": "2023-10-19T09:12:20.757Z", "match": 2, "to_zone": 5, "ia": 11, "active": true}}, {"model": "api.move", "pk": 51, "fields": {"timestamp": "2023-10-19T09:12:24.257Z", "match": 2, "to_zone": 6, "ia": 11, "active": true}}, {"model": "api.move", "pk": 52, "fields": {"timestamp": "2023-10-19T09:12:27.783Z", "match": 2, "to_zone": 8, "ia": 11, "active": true}}, {"model": "api.move", "pk": 53, "fields": {"timestamp": "2023-10-19T09:12:31.320Z", "match": 2, "to_zone": 12, "ia": 11, "active": true}}, {"model": "api.move", "pk": 54, "fields": {"timestamp": "2023-10-19T09:12:34.801Z", "match": 2, "to_zone": 15, "ia": 11, "active": true}}, {"model": "api.move", "pk": 55, "fields": {"timestamp": "2023-10-19T09:12:38.282Z", "match": 2, "to_zone": 11, "ia": 11, "active": true}}, {"model": "api.move", "pk": 56, "fields": {"timestamp": "2023-10-19T09:12:41.753Z", "match": 2, "to_zone": 12, "ia": 11, "active": true}}, {"model": "api.move", "pk": 57, "fields": {"timestamp": "2023-10-19T09:12:45.232Z", "match": 2, "to_zone": 13, "ia": 11, "active": true}}, {"model": "api.move", "pk": 58, "fields": {"timestamp": "2023-10-19T09:12:48.721Z", "match": 2, "to_zone": 12, "ia": 11, "active": true}}, {"model": "api.move", "pk": 59, "fields": {"timestamp": "2023-10-19T09:12:52.200Z", "match": 2, "to_zone": 13, "ia": 11, "active": true}}, {"model": "api.move", "pk": 60, "fields": {"timestamp": "2023-10-19T09:12:55.674Z", "match": 2, "to_zone": 8, "ia": 11, "active": true}}, {"model": "api.move", "pk": 61, "fields": {"timestamp": "2023-10-19T09:12:59.162Z", "match": 2, "to_zone": 9, "ia": 11, "active": true}}, {"model": "api.move", "pk": 62, "fields": {"timestamp": "2023-10-19T09:13:02.647Z", "match": 2, "to_zone": 13, "ia": 11, "active": true}}, {"model": "api.move", "pk": 63, "fields": {"timestamp": "2023-10-19T09:13:06.126Z", "match": 2, "to_zone": 8, "ia": 11, "active": true}}, {"model": "api.move", "pk": 64, "fields": {"timestamp": "2023-10-19T09:13:09.601Z", "match": 2, "to_zone": 9, "ia": 11, "active": true}}, {"model": "api.move", "pk": 65, "fields": {"timestamp": "2023-10-19T09:13:13.096Z", "match": 2, "to_zone": 8, "ia": 11, "active": true}}, {"model": "api.move", "pk": 66, "fields": {"timestamp": "2023-10-19T09:13:16.566Z", "match": 2, "to_zone": 6, "ia": 11, "active": true}}, {"model": "api.move", "pk": 67, "fields": {"timestamp": "2023-10-19T09:13:20.055Z", "match": 2, "to_zone": 8, "ia": 11, "active": true}}, {"model": "api.move", "pk": 68, "fields": {"timestamp": "2023-10-19T09:13:23.595Z", "match": 2, "to_zone": 13, "ia": 11, "active": true}}, {"model": "api.move", "pk": 69, "fields": {"timestamp": "2023-10-19T09:13:27.100Z", "match": 2, "to_zone": 14, "ia": 11, "active": true}}, {"model": "api.move", "pk": 70, "fields": {"timestamp": "2023-10-19T09:15:16.769Z", "match": 2, "to_zone": 13, "ia": 11, "active": true}}, {"model": "api.move", "pk": 71, "fields": {"timestamp": "2023-10-19T09:15:20.283Z", "match": 2, "to_zone": 8, "ia": 11, "active": true}}, {"model": "api.move", "pk": 72, "fields": {"timestamp": "2023-10-19T09:15:23.772Z", "match": 2, "to_zone": 6, "ia": 11, "active": true}}, {"model": "api.move", "pk": 73, "fields": {"timestamp": "2023-10-19T09:15:27.241Z", "match": 2, "to_zone": 8, "ia": 11, "active": true}}, {"model": "api.move", "pk": 74, "fields": {"timestamp": "2023-10-19T09:15:30.730Z", "match": 2, "to_zone": 9, "ia": 11, "active": true}}, {"model": "api.move", "pk": 75, "fields": {"timestamp": "2023-10-19T09:26:26.874Z", "match": 2, "to_zone": 11, "ia": 12, "active": true}}, {"model": "api.move", "pk": 77, "fields": {"timestamp": "2023-10-19T10:50:51.345Z", "match": 2, "to_zone": 12, "ia": 14, "active": true}}, {"model": "api.move", "pk": 78, "fields": {"timestamp": "2023-10-19T11:35:01.446Z", "match": 2, "to_zone": 13, "ia": 14, "active": true}}, {"model": "api.move", "pk": 79, "fields": {"timestamp": "2023-10-19T11:35:09.638Z", "match": 2, "to_zone": 14, "ia": 14, "active": true}}, {"model": "api.move", "pk": 80, "fields": {"timestamp": "2023-10-19T11:35:18.119Z", "match": 2, "to_zone": 13, "ia": 14, "active": true}}, {"model": "api.move", "pk": 81, "fields": {"timestamp": "2023-10-19T11:35:21.589Z", "match": 2, "to_zone": 12, "ia": 14, "active": true}}, {"model": "api.move", "pk": 82, "fields": {"timestamp": "2023-10-19T11:35:26.461Z", "match": 2, "to_zone": 14, "ia": 14, "active": true}}, {"model": "api.move", "pk": 83, "fields": {"timestamp": "2023-10-19T11:35:31.517Z", "match": 2, "to_zone": 13, "ia": 14, "active": true}}, {"model": "api.move", "pk": 84, "fields": {"timestamp": "2023-10-19T11:35:37.476Z", "match": 2, "to_zone": 8, "ia": 14, "active": true}}, {"model": "api.move", "pk": 85, "fields": {"timestamp": "2023-10-19T11:35:41.844Z", "match": 2, "to_zone": 6, "ia": 14, "active": true}}, {"model": "api.move", "pk": 86, "fields": {"timestamp": "2023-10-19T11:36:03.799Z", "match": 2, "to_zone": 8, "ia": 14, "active": true}}, {"model": "api.move", "pk": 87, "fields": {"timestamp": "2023-10-19T11:36:07.277Z", "match": 2, "to_zone": 12, "ia": 14, "active": true}}, {"model": "api.move", "pk": 88, "fields": {"timestamp": "2023-10-19T11:36:16.598Z", "match": 2, "to_zone": 11, "ia": 14, "active": true}}, {"model": "api.move", "pk": 89, "fields": {"timestamp": "2023-10-19T11:36:21.002Z", "match": 2, "to_zone": 15, "ia": 14, "active": true}}, {"model": "api.move", "pk": 90, "fields": {"timestamp": "2023-10-19T11:36:24.480Z", "match": 2, "to_zone": 11, "ia": 14, "active": true}}, {"model": "api.move", "pk": 91, "fields": {"timestamp": "2023-10-19T11:36:28.174Z", "match": 2, "to_zone": 12, "ia": 14, "active": true}}, {"model": "api.move", "pk": 92, "fields": {"timestamp": "2023-10-19T11:36:34.357Z", "match": 2, "to_zone": 13, "ia": 14, "active": true}}, {"model": "api.move", "pk": 93, "fields": {"timestamp": "2023-10-19T11:36:43.274Z", "match": 2, "to_zone": 14, "ia": 14, "active": true}}, {"model": "api.move", "pk": 94, "fields": {"timestamp": "2023-10-19T11:36:51.387Z", "match": 2, "to_zone": 13, "ia": 14, "active": true}}, {"model": "api.move", "pk": 95, "fields": {"timestamp": "2023-10-19T11:36:55.336Z", "match": 2, "to_zone": 8, "ia": 14, "active": true}}, {"model": "api.move", "pk": 96, "fields": {"timestamp": "2023-10-19T11:37:01.390Z", "match": 2, "to_zone": 12, "ia": 14, "active": true}}, {"model": "api.move", "pk": 97, "fields": {"timestamp": "2023-10-19T11:37:14.408Z", "match": 2, "to_zone": 14, "ia": 14, "active": true}}, {"model": "api.move", "pk": 98, "fields": {"timestamp": "2023-10-19T11:37:29.400Z", "match": 2, "to_zone": 15, "ia": 14, "active": true}}, {"model": "api.move", "pk": 99, "fields": {"timestamp": "2023-10-19T11:37:34.082Z", "match": 2, "to_zone": 11, "ia": 14, "active": true}}, {"model": "api.move", "pk": 100, "fields": {"timestamp": "2023-10-19T11:37:38.913Z", "match": 2, "to_zone": 15, "ia": 14, "active": true}}, {"model": "api.move", "pk": 101, "fields": {"timestamp": "2023-10-19T11:37:43.314Z", "match": 2, "to_zone": 12, "ia": 14, "active": true}}, {"model": "api.move", "pk": 102, "fields": {"timestamp": "2023-10-19T11:37:47.151Z", "match": 2, "to_zone": 15, "ia": 14, "active": true}}, {"model": "api.move", "pk": 103, "fields": {"timestamp": "2023-10-19T11:37:51.060Z", "match": 2, "to_zone": 14, "ia": 14, "active": true}}, {"model": "api.move", "pk": 104, "fields": {"timestamp": "2023-10-19T11:37:55.221Z", "match": 2, "to_zone": 12, "ia": 14, "active": true}}, {"model": "api.move", "pk": 105, "fields": {"timestamp": "2023-10-19T11:38:04.975Z", "match": 2, "to_zone": 8, "ia": 14, "active": true}}, {"model": "api.move", "pk": 106, "fields": {"timestamp": "2023-10-19T11:38:09.579Z", "match": 2, "to_zone": 12, "ia": 14, "active": true}}, {"model": "api.move", "pk": 107, "fields": {"timestamp": "2023-10-19T11:38:16.203Z", "match": 2, "to_zone": 15, "ia": 14, "active": true}}, {"model": "api.move", "pk": 108, "fields": {"timestamp": "2023-10-19T11:38:19.680Z", "match": 2, "to_zone": 11, "ia": 14, "active": true}}, {"model": "api.move", "pk": 109, "fields": {"timestamp": "2023-10-19T11:38:24.271Z", "match": 2, "to_zone": 15, "ia": 14, "active": true}}, {"model": "api.move", "pk": 110, "fields": {"timestamp": "2023-10-19T11:38:27.747Z", "match": 2, "to_zone": 12, "ia": 14, "active": true}}, {"model": "api.move", "pk": 111, "fields": {"timestamp": "2023-10-19T11:38:34.206Z", "match": 2, "to_zone": 15, "ia": 14, "active": true}}, {"model": "api.move", "pk": 112, "fields": {"timestamp": "2023-10-19T11:38:38.127Z", "match": 2, "to_zone": 12, "ia": 14, "active": true}}, {"model": "api.move", "pk": 113, "fields": {"timestamp": "2023-10-19T11:38:45.917Z", "match": 2, "to_zone": 11, "ia": 14, "active": true}}, {"model": "api.move", "pk": 114, "fields": {"timestamp": "2023-10-19T11:38:50.521Z", "match": 2, "to_zone": 12, "ia": 14, "active": true}}, {"model": "api.move", "pk": 115, "fields": {"timestamp": "2023-10-19T11:39:08.116Z", "match": 2, "to_zone": 11, "ia": 14, "active": true}}, {"model": "api.move", "pk": 116, "fields": {"timestamp": "2023-10-19T11:39:12.030Z", "match": 2, "to_zone": 12, "ia": 14, "active": true}}, {"model": "api.move", "pk": 117, "fields": {"timestamp": "2023-10-19T11:39:18.689Z", "match": 2, "to_zone": 13, "ia": 14, "active": true}}, {"model": "api.move", "pk": 118, "fields": {"timestamp": "2023-10-19T11:39:22.410Z", "match": 2, "to_zone": 12, "ia": 14, "active": true}}, {"model": "api.move", "pk": 119, "fields": {"timestamp": "2023-10-19T11:39:35.068Z", "match": 2, "to_zone": 13, "ia": 14, "active": true}}, {"model": "api.move", "pk": 120, "fields": {"timestamp": "2023-10-19T11:40:23.086Z", "match": 2, "to_zone": 8, "ia": 14, "active": true}}, {"model": "api.move", "pk": 121, "fields": {"timestamp": "2023-10-19T11:40:29.027Z", "match": 2, "to_zone": 13, "ia": 14, "active": true}}, {"model": "api.move", "pk": 122, "fields": {"timestamp": "2023-10-19T11:45:30.862Z", "match": 2, "to_zone": 5, "ia": 15, "active": true}}, {"model": "api.move", "pk": 123, "fields": {"timestamp": "2023-10-19T11:49:19.359Z", "match": 2, "to_zone": 6, "ia": 15, "active": true}}, {"model": "api.move", "pk": 124, "fields": {"timestamp": "2023-10-19T11:49:22.837Z", "match": 2, "to_zone": 7, "ia": 15, "active": true}}, {"model": "api.move", "pk": 125, "fields": {"timestamp": "2023-10-19T11:49:26.300Z", "match": 2, "to_zone": 6, "ia": 15, "active": true}}, {"model": "api.move", "pk": 126, "fields": {"timestamp": "2023-10-19T11:49:29.776Z", "match": 2, "to_zone": 5, "ia": 15, "active": true}}, {"model": "api.move", "pk": 127, "fields": {"timestamp": "2023-10-19T11:49:33.239Z", "match": 2, "to_zone": 6, "ia": 15, "active": true}}, {"model": "api.move", "pk": 128, "fields": {"timestamp": "2023-10-19T11:49:36.708Z", "match": 2, "to_zone": 7, "ia": 15, "active": true}}, {"model": "api.move", "pk": 129, "fields": {"timestamp": "2023-10-19T11:49:40.191Z", "match": 2, "to_zone": 5, "ia": 15, "active": true}}, {"model": "api.move", "pk": 130, "fields": {"timestamp": "2023-10-19T11:49:43.667Z", "match": 2, "to_zone": 7, "ia": 15, "active": true}}, {"model": "api.move", "pk": 131, "fields": {"timestamp": "2023-10-19T11:49:47.147Z", "match": 2, "to_zone": 8, "ia": 15, "active": true}}, {"model": "api.move", "pk": 132, "fields": {"timestamp": "2023-10-19T11:49:50.624Z", "match": 2, "to_zone": 9, "ia": 15, "active": true}}, {"model": "api.move", "pk": 133, "fields": {"timestamp": "2023-10-19T11:49:54.093Z", "match": 2, "to_zone": 8, "ia": 15, "active": true}}, {"model": "api.move", "pk": 134, "fields": {"timestamp": "2023-10-19T11:49:57.570Z", "match": 2, "to_zone": 7, "ia": 15, "active": true}}, {"model": "api.move", "pk": 135, "fields": {"timestamp": "2023-10-19T11:50:01.032Z", "match": 2, "to_zone": 8, "ia": 15, "active": true}}, {"model": "api.move", "pk": 136, "fields": {"timestamp": "2023-10-19T11:50:04.508Z", "match": 2, "to_zone": 7, "ia": 15, "active": true}}, {"model": "api.move", "pk": 137, "fields": {"timestamp": "2023-10-19T11:50:07.981Z", "match": 2, "to_zone": 6, "ia": 15, "active": true}}, {"model": "api.move", "pk": 138, "fields": {"timestamp": "2023-10-19T11:50:11.456Z", "match": 2, "to_zone": 5, "ia": 15, "active": true}}, {"model": "api.move", "pk": 139, "fields": {"timestamp": "2023-10-19T11:50:14.924Z", "match": 2, "to_zone": 6, "ia": 15, "active": true}}, {"model": "api.move", "pk": 140, "fields": {"timestamp": "2023-10-19T11:50:18.404Z", "match": 2, "to_zone": 7, "ia": 15, "active": true}}, {"model": "api.move", "pk": 141, "fields": {"timestamp": "2023-10-19T11:50:21.883Z", "match": 2, "to_zone": 8, "ia": 15, "active": true}}, {"model": "api.move", "pk": 142, "fields": {"timestamp": "2023-10-19T11:50:25.365Z", "match": 2, "to_zone": 7, "ia": 15, "active": true}}, {"model": "api.move", "pk": 143, "fields": {"timestamp": "2023-10-19T11:50:28.852Z", "match": 2, "to_zone": 8, "ia": 15, "active": true}}, {"model": "api.move", "pk": 144, "fields": {"timestamp": "2023-10-19T11:50:32.328Z", "match": 2, "to_zone": 6, "ia": 15, "active": true}}, {"model": "api.move", "pk": 145, "fields": {"timestamp": "2023-10-19T11:50:35.805Z", "match": 2, "to_zone": 5, "ia": 15, "active": true}}, {"model": "api.move", "pk": 146, "fields": {"timestamp": "2023-10-19T11:50:39.275Z", "match": 2, "to_zone": 7, "ia": 15, "active": true}}, {"model": "api.move", "pk": 147, "fields": {"timestamp": "2023-10-19T11:50:42.742Z", "match": 2, "to_zone": 8, "ia": 15, "active": true}}, {"model": "api.move", "pk": 148, "fields": {"timestamp": "2023-10-19T11:50:46.219Z", "match": 2, "to_zone": 6, "ia": 15, "active": true}}, {"model": "api.move", "pk": 149, "fields": {"timestamp": "2023-10-19T11:50:49.691Z", "match": 2, "to_zone": 7, "ia": 15, "active": true}}, {"model": "api.move", "pk": 150, "fields": {"timestamp": "2023-10-19T11:50:53.161Z", "match": 2, "to_zone": 8, "ia": 15, "active": true}}, {"model": "api.move", "pk": 151, "fields": {"timestamp": "2023-10-19T11:50:56.660Z", "match": 2, "to_zone": 7, "ia": 15, "active": true}}, {"model": "api.move", "pk": 152, "fields": {"timestamp": "2023-10-19T11:51:00.146Z", "match": 2, "to_zone": 6, "ia": 15, "active": true}}, {"model": "api.move", "pk": 153, "fields": {"timestamp": "2023-10-19T11:51:03.633Z", "match": 2, "to_zone": 8, "ia": 15, "active": true}}, {"model": "api.move", "pk": 154, "fields": {"timestamp": "2023-10-19T11:51:07.110Z", "match": 2, "to_zone": 13, "ia": 15, "active": true}}, {"model": "api.move", "pk": 155, "fields": {"timestamp": "2023-10-19T11:51:13.063Z", "match": 2, "to_zone": 8, "ia": 15, "active": true}}, {"model": "api.move", "pk": 156, "fields": {"timestamp": "2023-10-19T11:51:16.543Z", "match": 2, "to_zone": 13, "ia": 15, "active": true}}, {"model": "api.move", "pk": 157, "fields": {"timestamp": "2023-10-19T11:51:22.492Z", "match": 2, "to_zone": 9, "ia": 15, "active": true}}, {"model": "api.move", "pk": 158, "fields": {"timestamp": "2023-10-19T11:51:25.963Z", "match": 2, "to_zone": 13, "ia": 15, "active": true}}, {"model": "api.move", "pk": 159, "fields": {"timestamp": "2023-10-19T11:51:31.935Z", "match": 2, "to_zone": 12, "ia": 15, "active": true}}, {"model": "api.move", "pk": 160, "fields": {"timestamp": "2023-10-19T11:51:37.907Z", "match": 2, "to_zone": 15, "ia": 15, "active": true}}, {"model": "api.move", "pk": 161, "fields": {"timestamp": "2023-10-19T11:51:41.382Z", "match": 2, "to_zone": 11, "ia": 15, "active": true}}, {"model": "api.move", "pk": 162, "fields": {"timestamp": "2023-10-19T11:51:44.881Z", "match": 2, "to_zone": 15, "ia": 15, "active": true}}, {"model": "api.move", "pk": 163, "fields": {"timestamp": "2023-10-19T11:51:48.365Z", "match": 2, "to_zone": 12, "ia": 15, "active": true}}, {"model": "api.move", "pk": 164, "fields": {"timestamp": "2023-10-19T11:51:54.413Z", "match": 2, "to_zone": 8, "ia": 15, "active": true}}, {"model": "api.move", "pk": 165, "fields": {"timestamp": "2023-10-19T11:51:57.939Z", "match": 2, "to_zone": 7, "ia": 15, "active": true}}, {"model": "api.move", "pk": 166, "fields": {"timestamp": "2023-10-19T11:52:01.406Z", "match": 2, "to_zone": 5, "ia": 15, "active": true}}, {"model": "api.move", "pk": 167, "fields": {"timestamp": "2023-10-19T11:52:04.875Z", "match": 2, "to_zone": 7, "ia": 15, "active": true}}, {"model": "api.move", "pk": 168, "fields": {"timestamp": "2023-10-19T11:52:08.346Z", "match": 2, "to_zone": 8, "ia": 15, "active": true}}, {"model": "api.move", "pk": 169, "fields": {"timestamp": "2023-10-19T11:52:11.823Z", "match": 2, "to_zone": 13, "ia": 15, "active": true}}, {"model": "api.move", "pk": 170, "fields": {"timestamp": "2023-10-19T11:52:17.765Z", "match": 2, "to_zone": 12, "ia": 15, "active": true}}, {"model": "api.move", "pk": 171, "fields": {"timestamp": "2023-10-19T11:52:23.788Z", "match": 2, "to_zone": 8, "ia": 15, "active": true}}, {"model": "api.move", "pk": 172, "fields": {"timestamp": "2023-10-19T11:52:27.259Z", "match": 2, "to_zone": 9, "ia": 15, "active": true}}, {"model": "api.move", "pk": 173, "fields": {"timestamp": "2023-10-19T11:52:30.726Z", "match": 2, "to_zone": 8, "ia": 15, "active": true}}, {"model": "api.move", "pk": 174, "fields": {"timestamp": "2023-10-19T11:52:34.195Z", "match": 2, "to_zone": 7, "ia": 15, "active": true}}, {"model": "api.move", "pk": 175, "fields": {"timestamp": "2023-10-19T11:52:37.690Z", "match": 2, "to_zone": 5, "ia": 15, "active": true}}, {"model": "api.move", "pk": 176, "fields": {"timestamp": "2023-10-19T11:52:41.156Z", "match": 2, "to_zone": 7, "ia": 15, "active": true}}, {"model": "api.move", "pk": 177, "fields": {"timestamp": "2023-10-19T11:52:44.622Z", "match": 2, "to_zone": 6, "ia": 15, "active": true}}, {"model": "api.move", "pk": 178, "fields": {"timestamp": "2023-10-19T11:52:48.091Z", "match": 2, "to_zone": 7, "ia": 15, "active": true}}, {"model": "api.move", "pk": 179, "fields": {"timestamp": "2023-10-19T11:52:51.589Z", "match": 2, "to_zone": 6, "ia": 15, "active": true}}, {"model": "api.move", "pk": 180, "fields": {"timestamp": "2023-10-19T11:52:55.069Z", "match": 2, "to_zone": 8, "ia": 15, "active": true}}, {"model": "api.move", "pk": 181, "fields": {"timestamp": "2023-10-19T11:52:58.541Z", "match": 2, "to_zone": 6, "ia": 15, "active": true}}, {"model": "api.move", "pk": 182, "fields": {"timestamp": "2023-10-19T11:53:02.032Z", "match": 2, "to_zone": 8, "ia": 15, "active": true}}, {"model": "api.move", "pk": 183, "fields": {"timestamp": "2023-10-19T11:53:05.548Z", "match": 2, "to_zone": 12, "ia": 15, "active": true}}, {"model": "api.move", "pk": 184, "fields": {"timestamp": "2023-10-19T11:53:11.512Z", "match": 2, "to_zone": 11, "ia": 15, "active": true}}, {"model": "api.move", "pk": 185, "fields": {"timestamp": "2023-10-19T11:53:14.985Z", "match": 2, "to_zone": 12, "ia": 15, "active": true}}, {"model": "api.move", "pk": 186, "fields": {"timestamp": "2023-10-19T11:53:20.969Z", "match": 2, "to_zone": 13, "ia": 15, "active": true}}, {"model": "api.move", "pk": 187, "fields": {"timestamp": "2023-10-19T11:53:26.905Z", "match": 2, "to_zone": 9, "ia": 15, "active": true}}, {"model": "api.move", "pk": 188, "fields": {"timestamp": "2023-10-19T11:53:30.365Z", "match": 2, "to_zone": 8, "ia": 15, "active": true}}, {"model": "api.move", "pk": 189, "fields": {"timestamp": "2023-10-19T11:53:33.887Z", "match": 2, "to_zone": 7, "ia": 15, "active": true}}, {"model": "api.move", "pk": 190, "fields": {"timestamp": "2023-10-19T11:53:37.356Z", "match": 2, "to_zone": 5, "ia": 15, "active": true}}, {"model": "api.move", "pk": 191, "fields": {"timestamp": "2023-10-19T11:53:40.824Z", "match": 2, "to_zone": 4, "ia": 15, "active": true}}, {"model": "api.move", "pk": 192, "fields": {"timestamp": "2023-10-19T11:53:44.319Z", "match": 2, "to_zone": 5, "ia": 15, "active": true}}, {"model": "api.move", "pk": 193, "fields": {"timestamp": "2023-10-19T11:53:47.782Z", "match": 2, "to_zone": 7, "ia": 15, "active": true}}, {"model": "api.move", "pk": 194, "fields": {"timestamp": "2023-10-19T11:53:51.247Z", "match": 2, "to_zone": 5, "ia": 15, "active": true}}, {"model": "api.move", "pk": 195, "fields": {"timestamp": "2023-10-19T11:53:54.754Z", "match": 2, "to_zone": 4, "ia": 15, "active": true}}, {"model": "api.move", "pk": 196, "fields": {"timestamp": "2023-10-19T11:53:58.237Z", "match": 2, "to_zone": 5, "ia": 15, "active": true}}, {"model": "api.move", "pk": 197, "fields": {"timestamp": "2023-10-19T11:54:01.693Z", "match": 2, "to_zone": 6, "ia": 15, "active": true}}, {"model": "api.move", "pk": 198, "fields": {"timestamp": "2023-10-19T11:54:05.176Z", "match": 2, "to_zone": 7, "ia": 15, "active": true}}, {"model": "api.move", "pk": 199, "fields": {"timestamp": "2023-10-19T11:54:08.641Z", "match": 2, "to_zone": 8, "ia": 15, "active": true}}, {"model": "api.move", "pk": 200, "fields": {"timestamp": "2023-10-19T11:54:12.117Z", "match": 2, "to_zone": 12, "ia": 15, "active": true}}, {"model": "api.move", "pk": 201, "fields": {"timestamp": "2023-10-19T11:54:18.079Z", "match": 2, "to_zone": 11, "ia": 15, "active": true}}, {"model": "api.move", "pk": 202, "fields": {"timestamp": "2023-10-19T11:54:21.554Z", "match": 2, "to_zone": 12, "ia": 15, "active": true}}, {"model": "api.move", "pk": 203, "fields": {"timestamp": "2023-10-19T11:54:27.509Z", "match": 2, "to_zone": 10, "ia": 15, "active": true}}, {"model": "api.move", "pk": 204, "fields": {"timestamp": "2023-10-19T11:54:33.474Z", "match": 2, "to_zone": 12, "ia": 15, "active": true}}, {"model": "api.move", "pk": 205, "fields": {"timestamp": "2023-10-19T11:54:39.425Z", "match": 2, "to_zone": 11, "ia": 15, "active": true}}, {"model": "api.move", "pk": 206, "fields": {"timestamp": "2023-10-19T11:54:42.887Z", "match": 2, "to_zone": 15, "ia": 15, "active": true}}, {"model": "api.move", "pk": 207, "fields": {"timestamp": "2023-10-19T11:54:46.385Z", "match": 2, "to_zone": 11, "ia": 15, "active": true}}, {"model": "api.move", "pk": 208, "fields": {"timestamp": "2023-10-19T11:54:49.855Z", "match": 2, "to_zone": 12, "ia": 15, "active": true}}, {"model": "api.move", "pk": 209, "fields": {"timestamp": "2023-10-19T11:54:55.800Z", "match": 2, "to_zone": 10, "ia": 15, "active": true}}, {"model": "api.move", "pk": 210, "fields": {"timestamp": "2023-10-19T11:55:01.752Z", "match": 2, "to_zone": 12, "ia": 15, "active": true}}, {"model": "api.move", "pk": 211, "fields": {"timestamp": "2023-10-19T11:55:07.700Z", "match": 2, "to_zone": 13, "ia": 15, "active": true}}, {"model": "api.move", "pk": 212, "fields": {"timestamp": "2023-10-19T11:55:13.635Z", "match": 2, "to_zone": 8, "ia": 15, "active": true}}, {"model": "api.move", "pk": 213, "fields": {"timestamp": "2023-10-19T11:55:17.118Z", "match": 2, "to_zone": 12, "ia": 15, "active": true}}, {"model": "api.move", "pk": 214, "fields": {"timestamp": "2023-10-19T11:55:23.093Z", "match": 2, "to_zone": 15, "ia": 15, "active": true}}, {"model": "api.move", "pk": 215, "fields": {"timestamp": "2023-10-19T11:55:26.577Z", "match": 2, "to_zone": 12, "ia": 15, "active": true}}, {"model": "api.move", "pk": 216, "fields": {"timestamp": "2023-10-19T11:55:32.526Z", "match": 2, "to_zone": 13, "ia": 15, "active": true}}, {"model": "api.move", "pk": 217, "fields": {"timestamp": "2023-10-19T11:55:38.472Z", "match": 2, "to_zone": 9, "ia": 15, "active": true}}, {"model": "api.move", "pk": 218, "fields": {"timestamp": "2023-10-19T13:16:35.426Z", "match": 2, "to_zone": 11, "ia": 16, "active": true}}, {"model": "api.move", "pk": 219, "fields": {"timestamp": "2023-10-19T13:17:15.927Z", "match": 2, "to_zone": 8, "ia": 16, "active": true}}, {"model": "api.move", "pk": 220, "fields": {"timestamp": "2023-10-19T13:53:02.594Z", "match": 2, "to_zone": 4, "ia": 17, "active": true}}, {"model": "api.ia", "pk": 11, "fields": {"user": 12, "name": "RoadRunner", "role": "BergenToy"}}, {"model": "api.ia", "pk": 12, "fields": {"user": 13, "name": "BillyTheKid", "role": "BergenToy"}}, {"model": "api.ia", "pk": 14, "fields": {"user": 15, "name": "Drunk", "role": "BergenToy"}}, {"model": "api.ia", "pk": 15, "fields": {"user": 16, "name": "Johnny", "role": "BergenToy"}}, {"model": "api.ia", "pk": 16, "fields": {"user": 17, "name": "Bipolar", "role": "BergenToy"}}, {"model": "api.ia", "pk": 17, "fields": {"user": 19, "name": "PlayerOne", "role": "Player"}}, {"model": "api.map", "pk": 1, "fields": {"name": "Spain"}}, {"model": "api.zone", "pk": 4, "fields": {"name": "cantabria", "map": 1, "enable": true, "lucky_unlucky": false, "go_ryu": false, "karin_gift": false, "neighbors": [5, 16, 18]}}, {"model": "api.zone", "pk": 5, "fields": {"name": "pais vasco", "map": 1, "enable": true, "lucky_unlucky": false, "go_ryu": false, "karin_gift": false, "neighbors": [4, 6, 7, 16]}}, {"model": "api.zone", "pk": 6, "fields": {"name": "navarra", "map": 1, "enable": true, "lucky_unlucky": true, "go_ryu": false, "karin_gift": false, "neighbors": [8, 5, 7]}}, {"model": "api.zone", "pk": 7, "fields": {"name": "la rioja", "map": 1, "enable": true, "lucky_unlucky": false, "go_ryu": false, "karin_gift": false, "neighbors": [8, 5, 6, 16]}}, {"model": "api.zone", "pk": 8, "fields": {"name": "aragon", "map": 1, "enable": true, "lucky_unlucky": true, "go_ryu": false, "karin_gift": false, "neighbors": [6, 7, 9, 12, 13]}}, {"model": "api.zone", "pk": 9, "fields": {"name": "catalua", "map": 1, "enable": true, "lucky_unlucky": false, "go_ryu": false, "karin_gift": false, "neighbors": [8, 13]}}, {"model": "api.zone", "pk": 10, "fields": {"name": "madrid", "map": 1, "enable": true, "lucky_unlucky": true, "go_ryu": true, "karin_gift": false, "neighbors": [12, 16]}}, {"model": "api.zone", "pk": 11, "fields": {"name": "extremadura", "map": 1, "enable": true, "lucky_unlucky": false, "go_ryu": false, "karin_gift": false, "neighbors": [12, 15, 16]}}, {"model": "api.zone", "pk": 12, "fields": {"name": "castilla y la mancha", "map": 1, "enable": true, "lucky_unlucky": true, "go_ryu": false, "karin_gift": false, "neighbors": [8, 10, 11, 13, 14, 15, 16]}}, {"model": "api.zone", "pk": 13, "fields": {"name": "comunidad valenciana", "map": 1, "enable": true, "lucky_unlucky": false, "go_ryu": false, "karin_gift": false, "neighbors": [8, 9, 12, 14]}}, {"model": "api.zone", "pk": 14, "fields": {"name": "murcia", "map": 1, "enable": true, "lucky_unlucky": false, "go_ryu": false, "karin_gift": false, "neighbors": [12, 13, 15]}}, {"model": "api.zone", "pk": 15, "fields": {"name": "andalucia", "map": 1, "enable": true, "lucky_unlucky": true, "go_ryu": false, "karin_gift": false, "neighbors": [11, 12, 14]}}, {"model": "api.zone", "pk": 16, "fields": {"name": "castilla y leon", "map": 1, "enable": true, "lucky_unlucky": false, "go_ryu": false, "karin_gift": false, "neighbors": [8, 18, 17, 12, 11, 10, 7, 5, 4]}}, {"model": "api.zone", "pk": 17, "fields": {"name": "galicia", "map": 1, "enable": true, "lucky_unlucky": false, "go_ryu": false, "karin_gift": false, "neighbors": [16, 18]}}, {"model": "api.zone", "pk": 18, "fields": {"name": "asturias", "map": 1, "enable": true, "lucky_unlucky": false, "go_ryu": false, "karin_gift": false, "neighbors": [16, 17, 4]}}]